<assembly xmlns="http://maven.apache.org/ASSEMBLY/2.1.1"
          xmlns:xsi="http://www.w3.org/2001/XMLSchema-instance"
          xsi:schemaLocation="http://maven.apache.org/ASSEMBLY/2.1.1 http://maven.apache.org/xsd/assembly-2.1.1.xsd">
    <id>bundle</id>
    <formats>
        <format>zip</format>
    </formats>
    <fileSets>
        <fileSet>
            <directory>${project.build.directory}</directory>
            <outputDirectory>/</outputDirectory>
            <includes>
                <include>*.jar</include> <!-- Include the JAR file generated by the build -->
            </includes>
        </fileSet>
        <fileSet>
            <directory>src/main/resources</directory>
            <outputDirectory>/resources</outputDirectory>
        </fileSet>
    </fileSets>
</assembly>
